"province","elig_tcv","tcv","elig_polio","polio"
"AJK",950,0.905263157894737,370,0.835135135135135
"Balochistan",1087,0.897884084636615,397,0.904282115869018
"Gilgit Baltistan",1323,0.919123204837491,463,0.935205183585313
"Khyber PakhtunKhwa",3468,0.893310265282584,1147,0.911944202266783
