"province","elig_tcv","tcv","elig_polio","polio"
"AJK",1199,0.904086738949124,463,0.842332613390929
"Balochistan",1833,0.911620294599018,638,0.884012539184953
"Gilgit Baltistan",1495,0.925752508361204,527,0.943074003795066
"Khyber PakhtunKhwa",4294,0.90055891942245,1413,0.915074309978769
